{
 "RELIABLE": {
  "weights": {
   "trend2_tsmom": 0.5,
   "tqqq_vix_reg": 0.2,
   "tom_upro": 0.2,
   "burst_tqqq": 0.1
  },
  "mc": {
   "P100x": 0.0,
   "P10x": 0.0,
   "P3x": 0.21215,
   "P(loss)": 0.012299999999999978,
   "P(-80%)": 0.0,
   "median": 2.2691014072766875,
   "p5": 1.2509868119874703,
   "p95": 4.007347743384133
  },
  "holdout_sharpe": 0.9100797042448638
 },
 "UPSIDE": {
  "weights": {
   "turbo_trend": 0.2,
   "tqqq_vix_reg": 0.8
  },
  "mc": {
   "P100x": 0.00015,
   "P10x": 0.1815,
   "P3x": 0.6365,
   "P(loss)": 0.06735000000000002,
   "P(-80%)": 0.0011,
   "median": 4.1944762653136,
   "p5": 0.8694929663756084,
   "p95": 19.453389091866647
  },
  "holdout_sharpe": 0.7912260909877473
 }
}